0,阿会喃,65,74,26,33,44,242,Ｃ,Ａ,Ｃ,Ｂ,Ｃ,Ｃ,
1,韦昭,16,19,65,73,70,243,Ｃ,Ｃ,Ｃ,Ｃ,Ｂ,Ｃ,
2,伊籍,29,24,80,86,84,303,Ｃ,Ｃ,Ｃ,Ｃ,Ｃ,Ｂ,眼力
3,尹赏,51,44,61,66,53,275,Ｃ,Ｃ,Ｂ,Ｂ,Ｃ,Ｃ,
4,尹大目,4,9,33,51,48,145,Ｃ,Ｃ,Ｃ,Ｃ,Ｃ,Ｃ,
5,尹默,11,15,65,77,62,230,Ｃ,Ｃ,Ｃ,Ｃ,Ａ,Ｃ,发明
6,于禁,84,78,70,57,53,342,Ａ,Ｂ,Ｃ,Ａ,Ｃ,Ｂ,明镜
7,于诠,64,76,40,39,67,286,Ａ,Ｂ,Ｃ,Ｃ,Ｂ,Ｃ,金刚
8,卫,69,46,79,78,28,300,Ｃ,Ｂ,Ａ,Ｃ,Ａ,Ｃ,血路
9,袁遗,56,40,73,76,70,315,Ｃ,Ｂ,Ｂ,Ｃ,Ｂ,Ｃ,指导
10,袁胤,17,14,39,41,46,157,Ｃ,Ｃ,Ｃ,Ｃ,Ｃ,Ｃ,
11,阎宇,52,61,58,59,20,250,Ｂ,Ｂ,Ｃ,Ｃ,Ｂ,Ｃ,
12,袁涣,30,17,72,83,83,285,Ｃ,Ｂ,Ｃ,Ｂ,Ｃ,Ｃ,规律
13,袁熙,66,51,63,65,64,309,Ｃ,Ｃ,Ｂ,Ｃ,Ｂ,Ｃ,亲乌
14,阎行,72,84,61,58,69,344,Ｂ,Ｂ,Ｃ,Ａ,Ｃ,Ｃ,繁殖
15,阎柔,71,57,70,73,78,349,Ｃ,Ｃ,Ａ,Ａ,Ｃ,Ｃ,亲乌
16,袁术,44,65,61,16,39,225,Ｂ,Ｃ,Ｃ,Ｃ,Ｃ,Ｃ,妙计
17,袁尚,63,71,42,38,72,286,Ｂ,Ｃ,Ｃ,Ｂ,Ａ,Ｃ,
18,袁绍,81,69,70,73,90,383,Ａ,Ｃ,Ａ,Ｃ,Ｓ,Ｃ,名声
19,阎象,30,27,70,74,51,252,Ｃ,Ｃ,Ｃ,Ｃ,Ｂ,Ｃ,
20,袁谭,60,69,30,35,59,253,Ｃ,Ｂ,Ｂ,Ｃ,Ｂ,Ｃ,
21,阎圃,29,25,82,79,70,285,Ｃ,Ｃ,Ｃ,Ｃ,Ｂ,Ｃ,米道
22,袁d,41,50,41,51,53,236,Ｃ,Ｃ,Ｂ,Ｃ,Ｃ,Ｂ,
23,王威,60,70,59,52,66,307,Ｂ,Ｃ,Ｂ,Ｃ,Ｃ,Ａ,
24,王,58,26,82,68,73,307,Ｃ,Ｂ,Ｂ,Ｂ,Ｂ,Ｃ,怒发
25,王允,26,6,67,80,76,255,Ｃ,Ｃ,Ｃ,Ｃ,Ｃ,Ｃ,诡计
26,王基,77,78,76,75,75,381,Ｓ,Ｂ,Ｂ,Ａ,Ｓ,Ｃ,枪将
27,王颀,69,67,61,70,68,335,Ｂ,Ｃ,Ｃ,Ａ,Ａ,Ｃ,踏破
28,王匡,65,55,61,70,80,331,Ｃ,Ｂ,Ｂ,Ｂ,Ｃ,Ｃ,威压
29,王业,33,6,35,66,49,189,Ｃ,Ｃ,Ｃ,Ｃ,Ｃ,Ｃ,
30,王经,67,63,66,75,76,347,Ｃ,Ｂ,Ｂ,Ｂ,Ｃ,Ｃ,
31,王伉,76,60,61,62,65,324,Ｃ,Ａ,Ｂ,Ｃ,Ｂ,Ｃ,金刚
32,王浑,76,76,72,74,69,367,Ａ,Ｂ,Ａ,Ｂ,Ａ,Ｓ,水将
33,王粲,6,3,79,80,56,224,Ｃ,Ｃ,Ｃ,Ｃ,Ｃ,Ｃ,
34,王修,54,27,76,78,63,298,Ｃ,Ｃ,Ｂ,Ｃ,Ｃ,Ｃ,
35,王戎,57,36,72,55,49,269,Ｃ,Ｃ,Ｃ,Ｃ,Ｂ,Ａ,
36,王肃,36,22,75,78,71,282,Ｃ,Ｃ,Ｃ,Ｃ,Ｃ,Ｃ,
37,王F,81,73,77,71,75,377,Ａ,Ｂ,Ａ,Ｃ,Ｓ,Ｓ,造船
38,王祥,23,19,68,78,84,272,Ｃ,Ｃ,Ｃ,Ｃ,Ｃ,Ｃ,
39,区星,55,70,38,29,53,245,Ｃ,Ａ,Ｃ,Ｃ,Ａ,Ｃ,
40,王双,64,88,19,22,27,220,Ｂ,Ａ,Ｃ,Ａ,Ｃ,Ｃ,猛者
41,王忠,39,57,21,27,49,193,Ｃ,Ｂ,Ｂ,Ｃ,Ｃ,Ｃ,
42,王昶,74,64,79,79,75,371,Ａ,Ｂ,Ａ,Ｂ,Ｂ,Ｃ,仁政
43,王韬,46,59,72,51,49,277,Ｃ,Ｂ,Ｃ,Ｂ,Ｂ,Ｃ,
44,王,60,66,46,61,56,289,Ｃ,Ｃ,Ｃ,Ｃ,Ｃ,Ｃ,
45,王平,83,79,76,58,51,347,Ａ,Ａ,Ｓ,Ｂ,Ｃ,Ｃ,沉著
46,王甫,62,41,79,78,73,333,Ｃ,Ｃ,Ｂ,Ｃ,Ａ,Ｂ,待伏
47,王门,65,64,31,41,49,250,Ｃ,Ｃ,Ｃ,Ａ,Ｃ,Ｃ,
48,王R,74,64,70,82,71,361,Ａ,Ｂ,Ａ,Ｂ,Ｃ,Ｂ,
49,王累,28,30,78,80,73,289,Ｃ,Ｃ,Ｃ,Ｃ,Ｃ,Ｃ,
50,王朗,47,35,79,81,51,293,Ｃ,Ｂ,Ｃ,Ｃ,Ｃ,Ｃ,
51,温恢,62,36,73,86,76,333,Ｂ,Ａ,Ｂ,Ｂ,Ａ,Ｂ,能吏
52,何晏,6,30,71,70,8,185,Ｃ,Ｃ,Ｃ,Ｃ,Ｃ,Ｃ,C智
53,蒯越,47,27,82,88,73,317,Ｂ,Ｃ,Ｂ,Ｃ,Ｃ,Ｂ,能吏
54,蒯良,68,33,88,82,71,342,Ｂ,Ｃ,Ｓ,Ｃ,Ｂ,Ｂ,待伏
55,贾华,49,65,41,29,52,236,Ｂ,Ａ,Ｃ,Ｃ,Ｃ,Ｃ,
56,华,20,24,71,78,68,261,Ｃ,Ｃ,Ｃ,Ｃ,Ｂ,Ｂ,
57,贾逵,78,61,84,85,75,383,Ａ,Ｂ,Ａ,Ｂ,Ａ,Ｂ,B城
58,何仪,56,69,36,10,17,188,Ｂ,Ａ,Ｃ,Ｃ,Ｃ,Ｃ,
59,华歆,18,33,82,83,17,233,Ｃ,Ｃ,Ｃ,Ｃ,Ｃ,Ｃ,
60,贾诩,86,48,97,85,57,373,Ｓ,Ｂ,Ａ,Ｂ,Ａ,Ｃ,反计
61,郭奕,21,29,70,76,47,243,Ｃ,Ｃ,Ｂ,Ｃ,Ｃ,Ｃ,
62,郭援,66,73,36,33,48,256,Ｂ,Ｃ,Ｃ,Ａ,Ｂ,Ｃ,
63,郭嘉,51,15,98,84,78,326,Ｂ,Ｂ,Ｂ,Ｂ,Ｂ,Ｂ,鬼谋
64,鄂焕,60,82,42,21,41,246,Ｃ,Ａ,Ｃ,Ｂ,Ｃ,Ｃ,戟将
65,郭汜,64,76,13,14,13,180,Ｂ,Ｂ,Ｃ,Ａ,Ｃ,Ｃ,
66,乐就,53,66,58,42,53,272,Ｃ,Ｂ,Ｂ,Ｃ,Ｃ,Ｃ,
67,霍峻,80,66,73,62,70,351,Ｂ,Ａ,Ａ,Ｃ,Ｂ,Ｃ,不屈
68,郝昭,89,79,78,62,72,380,Ｂ,Ｓ,Ｂ,Ａ,Ｓ,Ｃ,不屈
69,乐进,80,84,52,51,65,332,Ｓ,Ｂ,Ｂ,Ａ,Ｓ,Ｃ,攻城
70,乐D,73,75,43,41,63,295,Ａ,Ｃ,Ｃ,Ａ,Ｂ,Ｃ,
71,郭图,52,50,82,68,37,289,Ｃ,Ｃ,Ｃ,Ｂ,Ｂ,Ｃ,机智
72,郭马,68,71,47,21,54,261,Ｂ,Ａ,Ｃ,Ｃ,Ｃ,Ｃ,
73,郝萌,62,67,42,34,48,253,Ｃ,Ｂ,Ｃ,Ａ,Ｃ,Ｃ,
74,郭攸之,13,9,68,79,60,229,Ｃ,Ｃ,Ｃ,Ｃ,Ｃ,Ｃ,
75,霍弋,73,69,69,74,74,359,Ｃ,Ａ,Ａ,Ｃ,Ａ,Ｂ,沉著
76,郭淮,87,78,81,75,77,398,Ａ,Ｓ,Ｃ,Ａ,Ｂ,Ｃ,不屈
77,夏侯威,71,73,49,57,67,317,Ｂ,Ｃ,Ｂ,Ａ,Ｃ,Ｃ,
78,夏侯渊,87,91,54,61,80,373,Ｂ,Ｂ,Ｓ,Ｓ,Ａ,Ｃ,突袭
79,夏侯恩,63,72,52,45,71,303,Ｂ,Ｃ,Ｃ,Ｂ,Ｃ,Ｃ,
80,夏侯和,48,51,70,76,64,309,Ｃ,Ｃ,Ｃ,Ｂ,Ｂ,Ｃ,
81,夏侯惠,50,44,75,73,66,308,Ｃ,Ｃ,Ｂ,Ｂ,Ｃ,Ｃ,
82,夏侯玄,54,39,75,92,66,326,Ｃ,Ｂ,Ｂ,Ｃ,Ｂ,Ｃ,名声
83,夏侯尚,79,72,74,65,61,351,Ｂ,Ａ,Ａ,Ｂ,Ａ,Ｃ,
84,夏侯德,69,73,32,40,52,266,Ｂ,Ｃ,Ｃ,Ａ,Ｃ,Ｃ,
85,夏侯,89,90,58,70,81,388,Ａ,Ｂ,Ｃ,Ｓ,Ｂ,Ｃ,骑将
86,夏侯霸,79,84,77,55,71,366,Ａ,Ｂ,Ｂ,Ａ,Ｃ,Ｃ,长驱
87,夏侯,20,7,4,21,2,54,Ｃ,Ｃ,Ｃ,Ｃ,Ｃ,Ｃ,
88,夏侯令女,19,10,73,71,84,257,Ｃ,Ｃ,Ｂ,Ｃ,Ｃ,Ｃ,明镜
89,贾充,54,31,89,85,10,269,Ｃ,Ｂ,Ｃ,Ｃ,Ｃ,Ｃ,妙计
90,何植,15,24,26,27,51,143,Ｃ,Ｃ,Ｃ,Ｃ,Ｃ,Ｃ,
91,何进,39,40,6,41,68,194,Ｃ,Ｃ,Ｃ,Ｃ,Ｃ,Ｃ,
92,贺齐,83,78,72,64,73,370,Ａ,Ａ,Ａ,Ｃ,Ａ,Ｓ,昂扬
93,贾,60,62,73,62,62,319,Ｃ,Ｃ,Ｂ,Ｃ,Ｂ,Ｃ,
94,花N,69,82,32,26,70,279,Ａ,Ａ,Ｃ,Ｂ,Ｃ,Ｃ,戟将
95,华雄,81,92,56,40,57,326,Ｂ,Ｂ,Ｃ,Ｓ,Ｃ,Ｃ,猛者
96,关彝,50,62,44,52,59,267,Ｃ,Ｂ,Ｂ,Ｃ,Ｃ,Ｃ,
97,韩胤,26,29,64,54,44,217,Ｃ,Ｃ,Ｃ,Ｃ,Ｃ,Ｃ,
98,关羽,95,97,75,62,93,422,Ｓ,Ｓ,Ｂ,Ａ,Ｃ,Ａ,神将
99,桓阶,10,26,67,78,69,250,Ｃ,Ｃ,Ｃ,Ｃ,Ａ,Ｃ,
100,管亥,70,82,10,5,25,192,Ｂ,Ｃ,Ｃ,Ａ,Ｂ,Ｃ,
101,丘俭,78,74,52,56,54,314,Ａ,Ｂ,Ｂ,Ａ,Ａ,Ｃ,
102,丘秀,58,62,33,38,51,242,Ｃ,Ｃ,Ｂ,Ｂ,Ｃ,Ｃ,
103,丘甸,63,60,69,70,65,327,Ｃ,Ｂ,Ｂ,Ｂ,Ｂ,Ｃ,
104,韩莒子,51,59,51,46,52,259,Ｃ,Ｃ,Ｂ,Ｂ,Ｃ,Ｃ,
105,韩玄,22,33,7,4,1,67,Ｂ,Ｃ,Ｃ,Ｃ,Ｃ,Ｃ,
106,韩浩,69,72,68,87,62,358,Ｂ,Ｃ,Ｃ,Ｂ,Ｃ,Ｃ,屯田
107,关兴,76,86,62,58,75,357,Ａ,Ｓ,Ｂ,Ａ,Ｃ,Ｂ,昂扬
108,关索,74,88,52,47,74,335,Ｂ,Ａ,Ｃ,Ｓ,Ｃ,Ａ,疾驰
109,韩遂,89,70,77,61,80,377,Ａ,Ｓ,Ｃ,Ｓ,Ａ,Ｃ,长驱
110,韩嵩,25,15,70,77,61,248,Ｃ,Ｃ,Ｃ,Ｃ,Ｂ,Ｃ,
111,关靖,36,52,72,63,42,265,Ｃ,Ｃ,Ｃ,Ｂ,Ｃ,Ｃ,
112,韩暹,69,66,36,18,51,240,Ｂ,Ｃ,Ｂ,Ｃ,Ｃ,Ｃ,
113,阚泽,43,49,83,86,73,334,Ｃ,Ｃ,Ｂ,Ｃ,Ｂ,Ｂ,能吏
114,韩忠,64,67,18,12,23,184,Ｂ,Ｂ,Ｃ,Ｃ,Ｃ,Ｃ,
115,关统,63,60,61,63,75,322,Ｃ,Ａ,Ａ,Ｃ,Ｃ,Ｂ,
116,韩当,76,85,56,51,68,336,Ａ,Ｂ,Ｂ,Ａ,Ｃ,Ｓ,水将
117,韩德,63,76,25,16,54,234,Ｃ,Ａ,Ｃ,Ａ,Ｃ,Ｃ,亲羌
118,甘,86,94,76,18,58,332,Ｓ,Ａ,Ａ,Ａ,Ｓ,Ｓ,威风
119,桓,20,11,78,74,51,234,Ｃ,Ｃ,Ｃ,Ｃ,Ｃ,Ｃ,机智
120,韩馥,13,3,27,62,60,165,Ｃ,Ｃ,Ｃ,Ｃ,Ｃ,Ｃ,
121,关平,77,82,68,60,76,363,Ｓ,Ａ,Ｂ,Ａ,Ｃ,Ｂ,辅佐
122,简雍,20,32,74,71,74,271,Ｃ,Ｃ,Ｃ,Ｃ,Ｂ,Ｃ,能吏
123,颜良,79,93,42,32,53,299,Ａ,Ａ,Ｃ,Ｓ,Ｃ,Ｃ,威风
124,魏延,81,92,69,49,45,336,Ａ,Ｓ,Ｂ,Ａ,Ｃ,Ｃ,威风
125,麴义,82,78,51,18,37,266,Ａ,Ｃ,Ｓ,Ａ,Ｃ,Ｃ,弓将
126,戏志才,23,7,88,73,58,249,Ｃ,Ｃ,Ｃ,Ｃ,Ｂ,Ｃ,
127,魏续,67,78,31,32,39,247,Ｂ,Ｂ,Ｃ,Ａ,Ｃ,Ｃ,
128,魏邈,57,62,59,54,65,297,Ｂ,Ｂ,Ｃ,Ｃ,Ｃ,Ｃ,
129,魏讽,52,23,72,78,86,311,Ｂ,Ｃ,Ｃ,Ｃ,Ｂ,Ｃ,名声
130,魏攸,46,29,73,74,68,290,Ｃ,Ｃ,Ｂ,Ｃ,Ｂ,Ｃ,
131,牛金,72,79,38,40,45,274,Ｂ,Ａ,Ｃ,Ａ,Ｃ,Ｃ,连击
132,丘建,39,52,65,52,51,259,Ｂ,Ｂ,Ｃ,Ｃ,Ｂ,Ｃ,
133,牛辅,38,60,21,26,37,182,Ｃ,Ｂ,Ｃ,Ｂ,Ｃ,Ｃ,
134,丘本,50,41,67,56,55,269,Ｃ,Ｃ,Ｂ,Ｃ,Ｂ,Ｃ,
135,季雍,63,52,41,40,58,254,Ｃ,Ｃ,Ｃ,Ａ,Ｃ,Ｃ,
136,姜维,90,89,90,67,80,416,Ｓ,Ｂ,Ａ,Ｓ,Ｃ,Ｃ,反计
137,巩志,43,53,61,65,48,270,Ｃ,Ｃ,Ｂ,Ｃ,Ｃ,Ｃ,
138,桥蕤,64,69,38,41,58,270,Ａ,Ｃ,Ｂ,Ｃ,Ｃ,Ｂ,
139,龚都,59,70,23,22,37,211,Ｂ,Ｃ,Ｂ,Ｂ,Ｃ,Ｃ,
140,桥瑁,54,45,69,72,73,313,Ｂ,Ｃ,Ｃ,Ｂ,Ｃ,Ｃ,言毒
141,许仪,51,74,15,16,49,205,Ｂ,Ｃ,Ｃ,Ｂ,Ｃ,Ｃ,
142,许贡,44,66,64,64,56,294,Ｃ,Ｂ,Ａ,Ｃ,Ｃ,Ｂ,
143,许靖,3,5,67,79,68,222,Ｂ,Ｃ,Ｃ,Ｃ,Ｃ,Ｃ,
144,许褚,65,96,36,20,59,276,Ａ,Ｂ,Ｃ,Ｂ,Ｃ,Ｃ,金刚
145,许攸,36,21,80,56,23,216,Ｃ,Ｃ,Ｃ,Ｂ,Ｃ,Ｃ,
146,纪灵,78,83,51,48,55,315,Ａ,Ａ,Ｃ,Ａ,Ｃ,Ｃ,
147,金B,17,38,64,68,60,247,Ｂ,Ｃ,Ｃ,Ｃ,Ｃ,Ｃ,
148,金环三结,64,76,19,19,42,220,Ｂ,Ａ,Ｃ,Ｂ,Ｃ,Ｃ,
149,金旋,52,68,13,29,47,209,Ｃ,Ｂ,Ｃ,Ｃ,Ｃ,Ｃ,
150,虞汜,61,34,74,71,72,312,Ｃ,Ｃ,Ｂ,Ｃ,Ａ,Ａ,
151,虞翻,43,46,86,81,46,302,Ｃ,Ｃ,Ｂ,Ｃ,Ｂ,Ｂ,风水
152,邢道荣,61,80,41,16,12,210,Ｃ,Ａ,Ｃ,Ｂ,Ｃ,Ｃ,
153,S正,10,4,63,75,61,213,Ｃ,Ｃ,Ｃ,Ｃ,Ｃ,Ｃ,发明
154,严颜,79,83,69,67,79,377,Ｂ,Ａ,Ｓ,Ｃ,Ｂ,Ｃ,弓将
155,牵弘,70,74,66,65,57,332,Ｃ,Ｂ,Ｃ,Ｂ,Ａ,Ｃ,踏破
156,严纲,68,71,40,51,52,282,Ｃ,Ｂ,Ｃ,Ａ,Ｂ,Ｃ,
157,严,13,2,70,84,72,241,Ｃ,Ｃ,Ｃ,Ｃ,Ｃ,Ｃ,
158,牵招,72,69,73,75,73,362,Ｃ,Ｂ,Ｂ,Ａ,Ａ,Ｃ,亲乌
159,严政,50,55,39,36,12,192,Ｂ,Ｂ,Ｃ,Ｃ,Ｃ,Ｃ,
160,严白虎,67,70,23,21,41,222,Ｂ,Ａ,Ｃ,Ｃ,Ｃ,Ｂ,亲越
161,严舆,61,78,44,20,29,232,Ａ,Ａ,Ｂ,Ｃ,Ｃ,Ｂ,亲越
162,吴懿,83,73,68,70,77,371,Ａ,Ｂ,Ｓ,Ｂ,Ｂ,Ｃ,辅佐
163,黄盖,79,83,65,65,81,373,Ｂ,Ａ,Ｓ,Ｃ,Ｂ,Ｓ,火攻
164,高,74,56,48,59,66,303,Ｃ,Ａ,Ａ,Ｃ,Ｂ,Ｃ,
165,黄月英,51,31,88,87,79,336,Ｃ,Ｃ,Ｓ,Ｃ,Ｓ,Ａ,工神
166,黄权,75,59,82,79,78,373,Ｂ,Ｂ,Ａ,Ｃ,Ｃ,Ａ,规律
167,黄皓,1,1,30,10,1,43,Ｃ,Ｃ,Ｃ,Ｃ,Ｃ,Ｃ,
168,高柔,57,43,71,79,74,324,Ｃ,Ｂ,Ｂ,Ｃ,Ｂ,Ｃ,
169,高顺,85,86,55,46,69,341,Ａ,Ｂ,Ｃ,Ｓ,Ｓ,Ｃ,攻城
170,高翔,68,68,52,44,55,287,Ｃ,Ｃ,Ｂ,Ｂ,Ｃ,Ｃ,搬运
171,高N,67,73,41,21,27,229,Ａ,Ｃ,Ｃ,Ｂ,Ｃ,Ｃ,
172,黄崇,67,63,72,69,62,333,Ｃ,Ｂ,Ａ,Ｃ,Ｂ,Ｂ,
173,侯成,74,75,63,56,60,328,Ｂ,Ｂ,Ｂ,Ａ,Ｃ,Ｃ,
174,侯选,63,66,34,55,52,270,Ｃ,Ｃ,Ｃ,Ａ,Ｂ,Ｃ,
175,黄祖,74,66,53,38,32,263,Ｂ,Ｂ,Ａ,Ｃ,Ｂ,Ａ,
176,公孙越,74,72,47,54,67,314,Ｂ,Ｃ,Ｃ,Ｓ,Ｂ,Ｃ,白马
177,公孙渊,65,70,56,35,55,281,Ｂ,Ｃ,Ｃ,Ｂ,Ｃ,Ｃ,
178,公孙恭,39,17,68,61,42,227,Ｃ,Ｃ,Ｃ,Ｂ,Ｃ,Ｃ,
179,公孙康,72,66,61,58,56,313,Ｃ,Ｃ,Ｃ,Ａ,Ｃ,Ｂ,待伏
180,公孙瓒,84,83,70,46,77,360,Ｂ,Ｃ,Ａ,Ｓ,Ｂ,Ｃ,白马
181,公孙续,63,68,54,63,66,314,Ｃ,Ｃ,Ｂ,Ｓ,Ｂ,Ｃ,白马
182,公孙度,67,71,63,51,35,287,Ｂ,Ｃ,Ｃ,Ａ,Ａ,Ｂ,
183,公孙,73,69,64,62,61,329,Ｃ,Ｃ,Ｂ,Ｓ,Ｂ,Ｃ,白马
184,孔胄,26,16,68,78,64,252,Ｃ,Ｃ,Ｂ,Ｃ,Ｃ,Ｃ,
185,黄忠,86,93,60,52,75,366,Ｂ,Ｓ,Ｓ,Ａ,Ｃ,Ｃ,弓神
186,高定,55,63,43,42,46,249,Ｂ,Ｂ,Ｃ,Ｃ,Ｂ,Ｃ,
187,高堂隆,35,24,76,85,70,290,Ｃ,Ｃ,Ｃ,Ｃ,Ａ,Ｃ,
188,高沛,66,61,69,57,52,305,Ｃ,Ｂ,Ａ,Ｃ,Ｂ,Ｃ,
189,皇甫嵩,87,61,73,51,72,344,Ｓ,Ｂ,Ａ,Ｃ,Ｓ,Ｃ,火攻
190,孔融,30,5,72,75,65,247,Ｃ,Ｃ,Ｃ,Ｃ,Ｃ,Ｃ,
191,高览,76,82,66,55,62,341,Ｂ,Ｃ,Ｃ,Ａ,Ｃ,Ｃ,
192,伍延,66,73,42,49,64,294,Ｂ,Ｂ,Ｂ,Ｃ,Ｃ,Ａ,
193,吴巨,49,61,23,51,54,238,Ｃ,Ｃ,Ｃ,Ｂ,Ｃ,Ｃ,
194,国渊,50,19,71,86,74,300,Ｃ,Ｃ,Ｂ,Ｃ,Ａ,Ｃ,屯田
195,吴景,69,66,51,65,66,317,Ｂ,Ｃ,Ａ,Ｃ,Ｃ,Ａ,
196,吾彦,74,72,77,69,68,360,Ｃ,Ｂ,Ａ,Ｃ,Ｂ,Ａ,造船
197,吴纲,48,38,65,65,72,288,Ｃ,Ｂ,Ｃ,Ｃ,Ｃ,Ｂ,
198,吴国太,30,21,70,74,81,276,Ｃ,Ｂ,Ｃ,Ｃ,Ｃ,Ｂ,仁政
199,胡济,57,39,68,72,65,301,Ｂ,Ｃ,Ｂ,Ｃ,Ｂ,Ｃ,
200,吾粲,68,41,78,75,67,329,Ｃ,Ｂ,Ａ,Ｃ,Ｂ,Ａ,昂扬
201,胡质,73,46,74,77,72,342,Ｃ,Ｂ,Ｂ,Ｃ,Ｃ,Ｃ,
202,吴质,16,29,68,57,37,207,Ｃ,Ｃ,Ｃ,Ｃ,Ｃ,Ｃ,
203,胡车,26,82,41,2,30,181,Ｃ,Ｂ,Ｃ,Ｂ,Ｃ,Ｃ,掠夺
204,胡遵,70,76,52,50,62,310,Ａ,Ｂ,Ｃ,Ａ,Ｂ,Ｃ,
205,胡轸,65,74,12,15,21,187,Ｂ,Ｃ,Ｃ,Ａ,Ｃ,Ｃ,
206,顾谭,33,23,70,79,75,280,Ｃ,Ｃ,Ｃ,Ｃ,Ｃ,Ｂ,
207,兀突骨,72,86,1,3,21,183,Ａ,Ｓ,Ｂ,Ｃ,Ｃ,Ｃ,藤甲
208,胡班,55,55,58,50,62,280,Ｃ,Ｂ,Ｂ,Ｃ,Ｃ,Ｂ,
209,吴班,74,71,56,45,66,312,Ａ,Ｂ,Ｂ,Ｂ,Ｃ,Ｂ,
210,胡奋,71,76,50,52,55,304,Ｃ,Ｂ,Ｃ,Ａ,Ｓ,Ｃ,攻城
211,顾雍,43,18,80,90,76,307,Ｃ,Ｃ,Ｃ,Ｃ,Ｂ,Ｃ,眼力
212,吴兰,62,80,35,36,50,263,Ｂ,Ｂ,Ｃ,Ｂ,Ｃ,Ｃ,
213,胡烈,73,67,72,65,69,346,Ｂ,Ａ,Ａ,Ｂ,Ｂ,Ｃ,
214,崔琰,18,55,70,83,75,301,Ｃ,Ｃ,Ｃ,Ｃ,Ｃ,Ｃ,眼力
215,蔡琰,12,11,76,80,85,264,Ｃ,Ｃ,Ｃ,Ｂ,Ｃ,Ｃ,诗想
216,蔡和,39,50,1,26,45,161,Ｃ,Ｃ,Ｂ,Ｃ,Ｃ,Ａ,
217,蔡氏,8,7,69,58,66,208,Ｃ,Ｃ,Ｃ,Ｃ,Ｃ,Ｂ,
218,蔡中,40,54,2,22,43,161,Ｃ,Ｂ,Ｃ,Ｃ,Ｃ,Ａ,
219,蔡瑁,77,70,77,72,62,358,Ｂ,Ｂ,Ｂ,Ｃ,Ｃ,Ｓ,操舵
220,崔林,32,22,66,78,76,274,Ｃ,Ｃ,Ｂ,Ｃ,Ｃ,Ｃ,
221,左奕,62,66,51,43,57,279,Ｃ,Ａ,Ｂ,Ｃ,Ｃ,Ｃ,
222,笮融,60,69,38,21,14,202,Ｂ,Ａ,Ｃ,Ｃ,Ａ,Ｃ,掠夺
223,施朔,38,65,47,21,54,225,Ｃ,Ｂ,Ｂ,Ｃ,Ｃ,Ｃ,
224,师纂,60,72,54,46,14,246,Ａ,Ｂ,Ｃ,Ｂ,Ｃ,Ｃ,
225,司马懿,98,63,96,93,87,437,Ｓ,Ａ,Ａ,Ｓ,Ａ,Ｃ,深谋
226,司马炎,69,59,76,79,74,357,Ｃ,Ｃ,Ｂ,Ｂ,Ｃ,Ｃ,
227,司马师,80,64,88,82,78,392,Ａ,Ｂ,Ｂ,Ｂ,Ｃ,Ｃ,规律
228,司马昭,76,57,87,88,80,388,Ａ,Ｂ,Ａ,Ｂ,Ｂ,Ｃ,沉著
229,司马胄,61,52,61,66,62,302,Ｃ,Ｃ,Ｂ,Ｃ,Ｃ,Ａ,
230,司马孚,70,37,76,79,85,347,Ｂ,Ｂ,Ｂ,Ｃ,Ｂ,Ｃ,
231,司马望,73,58,78,65,42,316,Ｃ,Ｂ,Ｃ,Ｂ,Ｃ,Ｃ,
232,司马攸,71,68,75,77,87,378,Ｂ,Ｂ,Ａ,Ｂ,Ｂ,Ｃ,仁政
233,司马朗,20,21,71,82,81,275,Ｃ,Ｃ,Ｂ,Ｃ,Ｃ,Ｃ,名声
234,谢旌,64,76,34,33,44,251,Ａ,Ｃ,Ｃ,Ｂ,Ｃ,Ｂ,
235,车,49,49,40,58,50,246,Ｃ,Ｂ,Ｃ,Ｂ,Ｃ,Ｃ,
236,沙摩柯,60,84,25,14,44,227,Ｃ,Ｓ,Ａ,Ｃ,Ｃ,Ｃ,猛者
237,朱,70,68,60,45,54,297,Ｂ,Ａ,Ｂ,Ｃ,Ｃ,Ａ,
238,周昕,65,62,72,65,61,325,Ｂ,Ｃ,Ａ,Ｃ,Ｃ,Ｃ,风水
239,周昂,74,65,62,49,62,312,Ｃ,Ｃ,Ａ,Ｃ,Ａ,Ｃ,
240,周旨,65,85,41,29,43,263,Ｃ,Ｃ,Ｃ,Ａ,Ｓ,Ａ,推进
241,周仓,62,84,42,33,60,281,Ｃ,Ａ,Ｃ,Ｂ,Ｃ,Ａ,推进
242,周泰,76,91,48,38,60,313,Ａ,Ｓ,Ｃ,Ａ,Ｃ,Ｓ,水神
243,州泰,71,64,71,64,59,329,Ａ,Ｂ,Ｂ,Ｂ,Ｂ,Ｃ,
244,周鲂,52,41,80,75,59,307,Ｃ,Ｃ,Ｂ,Ｃ,Ｃ,Ｃ,言毒
245,周瑜,97,71,96,86,93,443,Ａ,Ａ,Ｓ,Ｃ,Ｃ,Ｓ,火神
246,朱桓,84,82,73,56,59,354,Ｓ,Ａ,Ａ,Ｂ,Ｃ,Ｓ,枪将
247,朱据,77,57,72,70,76,352,Ａ,Ｂ,Ａ,Ｂ,Ｂ,Ｓ,操舵
248,祝融,74,85,29,24,74,286,Ａ,Ｓ,Ｃ,Ｂ,Ｃ,Ｃ,扫荡
249,朱y,78,65,70,71,73,357,Ｂ,Ａ,Ａ,Ｂ,Ａ,Ｃ,火攻
250,朱然,79,69,71,60,75,354,Ａ,Ａ,Ａ,Ｃ,Ｂ,Ｓ,水将
251,朱治,71,56,72,73,75,347,Ｂ,Ｂ,Ａ,Ｂ,Ｃ,Ｃ,亲越
252,朱褒,68,73,34,32,40,247,Ｃ,Ａ,Ｂ,Ｃ,Ａ,Ｃ,
253,朱灵,71,73,67,53,42,306,Ｂ,Ｃ,Ｃ,Ａ,Ｃ,Ｃ,
254,荀,52,14,95,98,93,352,Ｃ,Ｂ,Ｂ,Ｃ,Ｃ,Ｃ,深谋
255,淳于琼,72,66,29,29,36,232,Ｂ,Ｃ,Ｃ,Ｂ,Ｃ,Ｃ,
256,荀,16,13,70,74,69,242,Ｃ,Ｃ,Ｃ,Ｃ,Ｃ,Ｃ,
257,荀,8,19,77,72,53,229,Ｃ,Ｃ,Ｃ,Ｃ,Ｃ,Ｃ,
258,荀谌,19,25,77,78,64,263,Ｃ,Ｃ,Ｃ,Ｃ,Ｃ,Ｃ,
259,荀攸,73,26,94,88,84,365,Ｂ,Ｂ,Ｂ,Ｂ,Ｂ,Ｃ,妙计
260,焦彝,62,69,63,42,52,288,Ｂ,Ｃ,Ｃ,Ｂ,Ｂ,Ｃ,
261,锺毓,32,12,71,76,72,263,Ｃ,Ｃ,Ｂ,Ｃ,Ｂ,Ｃ,祈
262,蒋琬,78,34,84,93,81,370,Ｂ,Ｂ,Ａ,Ｃ,Ｓ,Ａ,明镜
263,锺会,82,51,91,79,66,369,Ｂ,Ｂ,Ａ,Ｃ,Ａ,Ｃ,鬼谋
264,蒋,9,6,65,64,47,191,Ｃ,Ｃ,Ｃ,Ｃ,Ｃ,Ｃ,
265,蒋义渠,71,58,57,51,55,292,Ｃ,Ｃ,Ｂ,Ｂ,Ｃ,Ｃ,
266,小乔,16,12,73,77,92,270,Ｃ,Ｃ,Ｂ,Ｃ,Ｃ,Ａ,奏乐
267,蒋钦,78,84,51,42,74,329,Ｂ,Ａ,Ｓ,Ｂ,Ｃ,Ｓ,弓将
268,蒋济,48,43,85,77,56,309,Ｃ,Ｂ,Ａ,Ｃ,Ｂ,Ｃ,
269,谯周,3,3,66,71,50,193,Ｃ,Ｃ,Ｃ,Ｃ,Ｃ,Ｃ,
270,蒋舒,55,76,35,29,30,225,Ｃ,Ａ,Ｃ,Ｂ,Ｃ,Ｃ,
271,焦触,65,72,33,32,39,241,Ｃ,Ｃ,Ｃ,Ａ,Ｃ,Ｃ,
272,向宠,76,61,76,67,71,351,Ｂ,Ｂ,Ａ,Ｃ,Ｃ,Ｃ,射手
273,邵悌,21,15,72,66,54,228,Ｃ,Ｃ,Ｃ,Ｃ,Ｃ,Ｃ,
274,蒋班,63,73,62,41,48,287,Ｂ,Ｃ,Ｂ,Ｃ,Ｂ,Ｃ,
275,蒋斌,27,23,64,73,74,261,Ｃ,Ｃ,Ｂ,Ｃ,Ｃ,Ｃ,
276,锺繇,70,24,76,91,80,341,Ｃ,Ｃ,Ｂ,Ｂ,Ｃ,Ｃ,能吏
277,锺x牧,77,72,73,65,71,358,Ｃ,Ａ,Ｂ,Ｃ,Ａ,Ａ,亲越
278,向朗,28,18,73,74,69,262,Ｃ,Ｃ,Ｂ,Ｃ,Ｃ,Ｃ,
279,徐荣,80,76,57,43,42,298,Ｂ,Ｂ,Ｃ,Ｓ,Ｃ,Ｃ,长驱
280,诸葛恪,72,47,90,80,60,349,Ｂ,Ｃ,Ａ,Ｃ,Ｃ,Ｂ,妙计
281,诸葛乔,62,27,75,70,77,311,Ｃ,Ｃ,Ａ,Ｃ,Ａ,Ｂ,
282,诸葛瑾,75,34,81,89,90,369,Ｃ,Ｂ,Ａ,Ｃ,Ｃ,Ａ,能吏
283,诸葛均,29,25,51,66,71,242,Ｃ,Ｃ,Ｂ,Ｃ,Ｂ,Ｃ,
284,诸葛绪,41,40,29,46,48,204,Ｃ,Ｃ,Ｃ,Ｂ,Ｃ,Ｃ,
285,诸葛尚,64,77,62,55,68,326,Ａ,Ａ,Ｂ,Ｂ,Ｂ,Ｃ,怒发
286,诸葛靓,58,63,66,65,68,320,Ｂ,Ｂ,Ｂ,Ｃ,Ｂ,Ｂ,
287,诸葛瞻,71,60,70,72,75,348,Ｂ,Ｂ,Ａ,Ｂ,Ａ,Ｂ,待伏
288,诸葛诞,81,72,71,75,82,381,Ｂ,Ａ,Ａ,Ｂ,Ｃ,Ｂ,金刚
289,诸葛亮,92,38,100,95,92,417,Ｂ,Ｂ,Ｓ,Ｃ,Ｓ,Ａ,神算
290,徐晃,88,90,74,48,71,371,Ａ,Ｓ,Ｂ,Ａ,Ｂ,Ｃ,沉著
291,徐氏,41,16,80,70,84,291,Ｃ,Ｂ,Ｂ,Ｃ,Ｃ,Ｂ,诡计
292,徐质,68,83,24,26,44,245,Ｂ,Ｃ,Ｃ,Ａ,Ｃ,Ｃ,
293,徐庶,84,64,93,80,81,402,Ｓ,Ａ,Ａ,Ａ,Ｂ,Ｂ,精妙
294,徐盛,87,81,78,65,73,384,Ａ,Ｓ,Ａ,Ｂ,Ｂ,Ｓ,铁壁
295,徐邈,55,32,67,82,79,315,Ｃ,Ｃ,Ｂ,Ｃ,Ｃ,Ｃ,亲羌
296,沈莹,70,77,61,42,65,315,Ｂ,Ａ,Ｂ,Ｃ,Ｃ,Ａ,戟将
297,申仪,55,59,59,56,47,276,Ｃ,Ｂ,Ｂ,Ｃ,Ｃ,Ｃ,
298,辛宪英,42,28,84,76,75,305,Ｃ,Ｃ,Ｂ,Ｃ,Ａ,Ｂ,规律
299,岑昏,1,1,33,13,4,52,Ｃ,Ｃ,Ｃ,Ｃ,Ｃ,Ｃ,
300,甄氏,15,4,71,66,94,250,Ｃ,Ｃ,Ｃ,Ｃ,Ｃ,Ｂ,倾国
301,辛敞,50,26,42,68,67,253,Ｃ,Ｃ,Ｂ,Ｃ,Ｃ,Ｃ,
302,申耽,56,62,52,41,47,258,Ｂ,Ｃ,Ｂ,Ｃ,Ｃ,Ｃ,
303,审配,84,60,83,73,70,370,Ｂ,Ａ,Ａ,Ｂ,Ａ,Ｃ,铁壁
304,辛,39,24,78,79,72,292,Ｃ,Ｃ,Ｂ,Ｃ,Ｃ,Ｃ,
305,辛评,69,43,76,75,68,331,Ａ,Ｃ,Ｂ,Ｃ,Ｂ,Ｃ,
306,秦宓,16,7,72,78,76,249,Ｃ,Ｃ,Ｃ,Ｃ,Ｃ,Ｃ,
307,秦朗,58,70,35,15,42,220,Ｂ,Ｃ,Ｃ,Ｂ,Ｃ,Ｃ,
308,眭元进,52,68,45,32,49,246,Ｃ,Ｂ,Ｂ,Ｃ,Ｂ,Ｃ,
309,眭固,63,71,38,7,33,212,Ａ,Ｃ,Ｂ,Ｃ,Ｃ,Ｃ,掠夺
310,邹氏,4,6,36,42,89,177,Ｃ,Ｃ,Ｃ,Ｂ,Ｃ,Ｃ,奏乐
311,邹靖,70,64,66,59,67,326,Ａ,Ｃ,Ｂ,Ｂ,Ｃ,Ｃ,
312,邹丹,61,64,34,37,39,235,Ｃ,Ｃ,Ｃ,Ａ,Ｃ,Ｃ,
313,成宜,74,72,41,48,56,291,Ｂ,Ｃ,Ｃ,Ａ,Ｂ,Ｃ,繁殖
314,成公英,73,71,80,62,68,354,Ｃ,Ｂ,Ｂ,Ａ,Ａ,Ｃ,亲羌
315,盛曼,61,68,66,50,57,302,Ｃ,Ｂ,Ａ,Ｃ,Ｂ,Ａ,
316,石苞,69,71,56,53,60,309,Ａ,Ｂ,Ｂ,Ｂ,Ｂ,Ｃ,风水
317,薛莹,49,18,64,74,62,267,Ｃ,Ｃ,Ｂ,Ｃ,Ｂ,Ｂ,
318,薛,17,15,68,72,49,221,Ｃ,Ｃ,Ｃ,Ｃ,Ｂ,Ｂ,
319,薛综,34,16,72,80,63,265,Ｃ,Ｃ,Ｃ,Ｃ,Ｂ,Ｂ,
320,全B,61,68,44,32,56,261,Ｂ,Ｃ,Ｂ,Ｃ,Ｃ,Ａ,
321,全怿,60,63,38,43,53,257,Ｃ,Ｂ,Ｂ,Ｃ,Ｃ,Ａ,
322,全纪,49,69,61,70,63,312,Ｂ,Ｃ,Ｂ,Ｃ,Ｃ,Ｂ,
323,单经,71,68,43,49,54,285,Ｂ,Ｃ,Ｃ,Ａ,Ｂ,Ｃ,
324,全尚,2,4,12,41,59,118,Ｃ,Ｃ,Ｃ,Ｃ,Ｃ,Ｂ,
325,全琮,78,72,71,61,67,349,Ａ,Ｂ,Ａ,Ｃ,Ａ,Ｓ,强袭
326,全端,67,64,39,37,59,266,Ｂ,Ｂ,Ｃ,Ｃ,Ｃ,Ａ,
327,曹宇,50,43,37,52,60,242,Ｂ,Ｂ,Ｃ,Ｃ,Ｃ,Ｃ,
328,曹,72,52,82,82,88,376,Ｂ,Ｃ,Ａ,Ｂ,Ｂ,Ｂ,突袭
329,曹奂,13,15,30,45,65,168,Ｃ,Ｃ,Ｃ,Ｃ,Ｃ,Ｃ,
330,曹羲,30,26,50,53,45,204,Ｃ,Ｃ,Ｂ,Ｃ,Ｃ,Ｃ,
331,曹休,74,75,58,56,67,330,Ｂ,Ｃ,Ｓ,Ａ,Ｃ,Ｂ,射手
332,曹训,18,34,11,13,28,104,Ｃ,Ｃ,Ｃ,Ｂ,Ｃ,Ｃ,
333,宋宪,68,77,38,27,31,241,Ｂ,Ｂ,Ｃ,Ａ,Ｃ,Ｃ,
334,宋谦,66,78,42,39,64,289,Ｃ,Ａ,Ｃ,Ｂ,Ｃ,Ｂ,
335,曹昂,74,67,66,68,77,352,Ｂ,Ａ,Ｃ,Ｂ,Ｃ,Ｃ,血路
336,曹洪,79,81,44,35,54,293,Ｓ,Ａ,Ｃ,Ａ,Ｃ,Ｃ,连击
337,曹纯,75,71,60,35,72,313,Ｂ,Ｃ,Ｃ,Ｓ,Ｃ,Ｃ,
338,曹彰,82,90,40,35,76,323,Ａ,Ｂ,Ｃ,Ｓ,Ｂ,Ｃ,疾驰
339,曹植,18,22,81,70,80,271,Ｃ,Ｃ,Ｃ,Ｃ,Ｂ,Ｃ,诗想
340,曹真,87,74,68,72,88,389,Ａ,Ｂ,Ｂ,Ｓ,Ｃ,Ｃ,精妙
341,曹仁,89,86,56,46,76,353,Ａ,Ｓ,Ｃ,Ａ,Ｃ,Ｃ,铁壁
342,曹性,54,74,38,27,39,232,Ｃ,Ｃ,Ａ,Ｂ,Ｃ,Ｃ,
343,曹操,96,72,91,94,96,449,Ｓ,Ｓ,Ａ,Ａ,Ｂ,Ｃ,虚实
344,曹爽,39,33,30,66,51,219,Ｃ,Ｃ,Ｃ,Ｂ,Ｃ,Ｃ,
345,曹冲,31,21,85,79,83,299,Ｃ,Ｃ,Ｃ,Ｃ,Ａ,Ｂ,仁政
346,臧霸,74,75,52,56,71,328,Ａ,Ｂ,Ｃ,Ａ,Ｃ,Ｃ,威压
347,曹丕,70,71,83,86,82,392,Ｂ,Ｂ,Ａ,Ｂ,Ｃ,Ｃ,射手
348,曹豹,54,69,32,21,26,202,Ｂ,Ｃ,Ｂ,Ｂ,Ｃ,Ｃ,
349,曹芳,5,3,27,48,72,155,Ｃ,Ｃ,Ｃ,Ｃ,Ｃ,Ｃ,
350,曹髦,54,61,59,75,80,329,Ａ,Ｃ,Ｃ,Ｂ,Ｃ,Ｃ,怒发
351,曹熊,9,5,52,64,68,198,Ｃ,Ｃ,Ｃ,Ｃ,Ｃ,Ｃ,
352,沮鹄,55,51,66,67,72,311,Ｃ,Ｃ,Ｂ,Ｂ,Ｃ,Ｃ,
353,沮授,78,35,90,89,74,366,Ｂ,Ｂ,Ａ,Ａ,Ａ,Ｃ,明镜
354,苏飞,69,63,66,62,63,323,Ｃ,Ａ,Ｂ,Ｃ,Ｃ,Ａ,
355,祖茂,70,71,62,53,65,321,Ｃ,Ａ,Ｃ,Ｂ,Ｃ,Ａ,
356,苏由,50,59,49,41,49,248,Ｃ,Ｂ,Ｂ,Ｃ,Ｃ,Ｃ,
357,孙,69,71,55,62,61,318,Ｂ,Ｂ,Ａ,Ｃ,Ｂ,Ａ,
358,孙和,31,39,68,71,76,285,Ｃ,Ｃ,Ａ,Ｂ,Ｃ,Ａ,
359,孙桓,82,73,72,68,78,373,Ｂ,Ａ,Ｓ,Ｃ,Ｂ,Ａ,铁壁
360,孙观,72,78,51,39,66,306,Ｂ,Ｃ,Ｃ,Ａ,Ｂ,Ｃ,威压
361,孙冀,60,67,51,60,66,304,Ｂ,Ｂ,Ｂ,Ｃ,Ｃ,Ａ,
362,孙休,57,39,78,75,81,330,Ｃ,Ｃ,Ｃ,Ｃ,Ｃ,Ａ,
363,孙匡,52,46,44,65,56,263,Ｂ,Ｂ,Ｂ,Ｃ,Ｃ,Ａ,
364,孙歆,66,69,35,38,36,244,Ｂ,Ｃ,Ｂ,Ｃ,Ｃ,Ａ,
365,孙坚,93,90,74,73,91,421,Ｓ,Ｓ,Ｃ,Ａ,Ｃ,Ｓ,驱逐
366,孙乾,34,33,78,84,84,313,Ｃ,Ｃ,Ｃ,Ｃ,Ｂ,Ｃ,能吏
367,孙权,76,67,80,89,95,407,Ｂ,Ａ,Ｃ,Ｃ,Ｃ,Ａ,遁走
368,孙皓,13,28,31,6,3,81,Ｃ,Ｃ,Ｃ,Ｃ,Ｃ,Ｃ,
369,孙皎,77,72,66,71,73,359,Ｂ,Ａ,Ａ,Ｃ,Ａ,Ａ,搬运
370,孙策,92,92,69,70,92,415,Ｓ,Ａ,Ｂ,Ｓ,Ａ,Ｓ,勇将
371,孙氏,23,22,62,72,80,259,Ｃ,Ｃ,Ｂ,Ｃ,Ｃ,Ａ,祈
372,孙秀,55,51,53,57,68,284,Ｂ,Ｃ,Ａ,Ｃ,Ｃ,Ａ,
373,孙峻,64,70,65,26,11,236,Ｂ,Ｃ,Ｂ,Ｃ,Ｃ,Ｂ,
374,孙韶,80,79,75,69,74,377,Ｂ,Ａ,Ｃ,Ａ,Ｃ,Ｓ,推进
375,孙尚香,72,86,67,63,86,374,Ａ,Ｂ,Ｓ,Ｂ,Ｃ,Ｓ,弓将
376,孙震,67,70,48,44,54,283,Ｂ,Ａ,Ｃ,Ｃ,Ｂ,Ｃ,
377,孙静,66,53,72,71,72,334,Ｃ,Ｃ,Ｂ,Ｃ,Ｂ,Ａ,
378,孙仲,62,71,36,8,14,191,Ｂ,Ｃ,Ｃ,Ｂ,Ｃ,Ｃ,
379,孙D,25,39,65,17,7,153,Ｂ,Ｃ,Ｃ,Ｃ,Ｃ,Ｂ,
380,孙登,62,37,79,80,87,345,Ｂ,Ｂ,Ａ,Ｃ,Ａ,Ａ,仁政
381,孙瑜,77,70,68,69,78,362,Ａ,Ｂ,Ａ,Ｂ,Ａ,Ｓ,亲越
382,孙翊,67,78,27,16,45,233,Ａ,Ｃ,Ｃ,Ａ,Ｃ,Ａ,水将
383,孙亮,21,7,70,76,70,244,Ｃ,Ｃ,Ｂ,Ｃ,Ｃ,Ｂ,
384,孙礼,78,81,62,73,74,368,Ｂ,Ａ,Ｃ,Ａ,Ｂ,Ｃ,猛者
385,孙朗,34,43,30,40,45,192,Ｃ,Ｃ,Ｂ,Ｃ,Ｂ,Ｂ,
386,孙鲁班,26,28,72,64,68,258,Ｃ,Ｂ,Ｃ,Ｃ,Ｃ,Ａ,怒发
387,大乔,17,11,72,78,92,270,Ｃ,Ｃ,Ｂ,Ｃ,Ｃ,Ａ,倾国
388,太史享,57,66,48,59,60,290,Ｃ,Ｂ,Ｃ,Ｂ,Ｃ,Ｂ,
389,太史慈,82,93,66,58,79,378,Ａ,Ｓ,Ｃ,Ｓ,Ｃ,Ｂ,戟神
390,带来洞主,51,53,53,43,62,262,Ｃ,Ｂ,Ｂ,Ｃ,Ｃ,Ｃ,亲蛮
391,戴陵,70,75,39,48,50,282,Ｂ,Ｃ,Ｃ,Ａ,Ｃ,Ｃ,
392,朵思大王,62,59,70,54,47,292,Ｃ,Ｂ,Ａ,Ｃ,Ｃ,Ｃ,解毒
393,谭雄,58,73,14,20,37,202,Ａ,Ｃ,Ｃ,Ｂ,Ｃ,Ｂ,
394,张允,72,67,42,56,48,285,Ｃ,Ｃ,Ａ,Ｃ,Ｃ,Ｓ,
395,赵,91,96,76,65,81,409,Ｓ,Ｂ,Ｓ,Ｓ,Ｃ,Ｂ,洞察
396,张卫,74,66,45,44,61,290,Ｃ,Ａ,Ｂ,Ｃ,Ｃ,Ｃ,
397,张英,75,74,41,34,49,273,Ａ,Ｂ,Ｂ,Ｃ,Ｃ,Ｃ,
398,张燕,82,81,53,48,63,327,Ｂ,Ｂ,Ｃ,Ｓ,Ａ,Ｃ,长驱
399,张横,59,70,23,24,49,225,Ｃ,Ｃ,Ｃ,Ａ,Ｃ,Ｃ,
400,张温,17,10,71,78,70,246,Ｃ,Ｃ,Ｃ,Ｃ,Ｃ,Ｂ,
401,张华,36,27,78,79,64,284,Ｃ,Ｃ,Ｃ,Ｃ,Ｂ,Ｃ,
402,张G,34,66,8,1,10,119,Ｂ,Ｂ,Ｃ,Ｃ,Ｃ,Ｃ,掠夺
403,张角,86,25,86,80,98,375,Ａ,Ｓ,Ａ,Ｃ,Ａ,Ｃ,名声
404,张既,74,35,75,88,81,353,Ｃ,Ｂ,Ｂ,Ａ,Ｓ,Ｃ,亲羌
405,张休,53,27,74,77,73,304,Ｃ,Ｃ,Ｂ,Ｃ,Ｂ,Ｂ,
406,张球,69,72,44,30,46,261,Ｃ,Ｃ,Ｃ,Ａ,Ｂ,Ｃ,突袭
407,张嶷,79,72,74,77,76,378,Ａ,Ａ,Ａ,Ｃ,Ａ,Ｃ,踏破
408,张勋,72,68,41,39,59,279,Ｂ,Ａ,Ｃ,Ｃ,Ｃ,Ｂ,
409,张虎,75,74,41,44,61,295,Ｂ,Ａ,Ｂ,Ａ,Ｂ,Ｃ,
410,张,24,22,86,95,82,309,Ｃ,Ｃ,Ｃ,Ｃ,Ａ,Ｂ,B城
411,张A,90,89,69,57,71,376,Ａ,Ｂ,Ｃ,Ｓ,Ａ,Ｃ,昂扬
412,赵广,67,71,53,53,62,306,Ｃ,Ｂ,Ｂ,Ａ,Ｂ,Ｃ,
413,赵弘,66,72,28,22,19,207,Ｂ,Ｃ,Ｃ,Ｂ,Ｃ,Ｃ,
414,张济,70,66,52,53,55,296,Ｃ,Ｃ,Ｃ,Ａ,Ｃ,Ｃ,
415,张绣,80,73,60,45,59,317,Ｃ,Ｃ,Ｂ,Ｓ,Ｂ,Ｃ,骑将
416,张缉,31,29,70,74,50,254,Ｃ,Ｃ,Ｂ,Ｃ,Ｃ,Ｃ,
417,张遵,63,68,66,59,57,313,Ｂ,Ａ,Ｂ,Ｃ,Ｃ,Ｃ,
418,张春华,60,9,76,72,68,285,Ｃ,Ｃ,Ｃ,Ｂ,Ｂ,Ｃ,机智
419,张昭,33,3,84,97,80,297,Ｂ,Ｃ,Ｃ,Ｃ,Ｃ,Ｃ,
420,张松,15,6,88,82,19,210,Ｃ,Ｃ,Ｃ,Ｃ,Ｃ,Ｃ,机智
421,张绍,8,12,31,59,52,162,Ｃ,Ｃ,Ｃ,Ｃ,Ｃ,Ｃ,
422,张承,77,70,75,73,74,369,Ｂ,Ａ,Ａ,Ｃ,Ｂ,Ａ,水将
423,张任,88,84,78,59,76,385,Ａ,Ｓ,Ｓ,Ｃ,Ｂ,Ｃ,弓将
424,貂蝉,10,26,81,65,94,276,Ｃ,Ｃ,Ｂ,Ｂ,Ｃ,Ｂ,倾国
425,张悌,67,43,80,78,83,351,Ａ,Ｃ,Ｂ,Ｃ,Ｃ,Ａ,不屈
426,赵统,68,67,61,54,58,308,Ｂ,Ｃ,Ｂ,Ａ,Ｃ,Ｃ,
427,张特,73,54,75,66,68,336,Ｃ,Ａ,Ｂ,Ｃ,Ａ,Ｃ,言毒
428,张南,57,71,46,34,34,242,Ｃ,Ｃ,Ｃ,Ａ,Ｃ,Ｃ,
429,张南,70,69,37,43,59,278,Ｂ,Ｂ,Ｃ,Ｂ,Ｃ,Ｃ,
430,张邈,52,53,70,74,85,334,Ｃ,Ｂ,Ｂ,Ｂ,Ｃ,Ｃ,名声
431,赵,28,21,32,58,56,195,Ｃ,Ｃ,Ｃ,Ｂ,Ｃ,Ｃ,
432,张飞,85,98,30,22,45,280,Ｓ,Ｓ,Ｃ,Ａ,Ｃ,Ｃ,Y神
433,张布,31,24,71,66,41,233,Ｃ,Ｃ,Ｃ,Ｃ,Ｃ,Ｂ,
434,张苞,75,87,48,46,68,324,Ｓ,Ａ,Ｂ,Ａ,Ｃ,Ｃ,扫荡
435,张宝,83,71,81,64,82,381,Ｓ,Ｂ,Ａ,Ｂ,Ｓ,Ｃ,攻心
436,张曼成,73,81,45,37,53,289,Ａ,Ｂ,Ｃ,Ｂ,Ａ,Ｃ,威压
437,张杨,72,70,62,58,68,330,Ｃ,Ｃ,Ｂ,Ａ,Ｃ,Ｃ,
438,张翼,75,74,71,72,70,362,Ｂ,Ａ,Ａ,Ｃ,Ａ,Ｃ,亲蛮
439,张辽,93,92,78,58,78,399,Ｓ,Ｓ,Ｂ,Ｓ,Ｂ,Ｃ,威风
440,张梁,78,80,68,52,80,358,Ｓ,Ｃ,Ｃ,Ａ,Ａ,Ｃ,秘计
441,赵累,70,43,67,74,71,325,Ｂ,Ｂ,Ａ,Ｃ,Ａ,Ｃ,辅佐
442,张鲁,51,26,73,78,89,317,Ｂ,Ｃ,Ｂ,Ｃ,Ｃ,Ｃ,米道
443,陈横,64,63,26,35,43,231,Ｃ,Ａ,Ｂ,Ｃ,Ｃ,Ｃ,
444,陈应,62,72,45,27,40,246,Ａ,Ｂ,Ｃ,Ｃ,Ｃ,Ｃ,
445,陈纪,58,65,43,48,32,246,Ｃ,Ａ,Ｂ,Ｃ,Ｃ,Ｃ,
446,陈宫,78,55,89,83,68,373,Ｂ,Ｂ,Ａ,Ｂ,Ａ,Ｃ,掎角
447,陈矫,61,27,76,83,64,311,Ｃ,Ｂ,Ａ,Ｃ,Ｂ,Ｃ,
448,陈群,32,14,74,96,73,289,Ｃ,Ｃ,Ｃ,Ｃ,Ｃ,Ｃ,
449,陈,15,4,82,77,76,254,Ｃ,Ｃ,Ｃ,Ｃ,Ｂ,Ｃ,言毒
450,陈骞,72,71,65,57,50,315,Ａ,Ｃ,Ｃ,Ｂ,Ａ,Ｂ,
451,陈寿,12,22,60,75,51,220,Ｃ,Ｃ,Ｃ,Ｃ,Ｃ,Ｃ,
452,陈式,70,71,25,23,30,219,Ｂ,Ｃ,Ｃ,Ｂ,Ａ,Ｂ,踏破
453,陈震,46,46,68,76,73,309,Ｃ,Ｃ,Ｂ,Ｃ,Ｃ,Ｃ,
454,陈泰,84,73,86,78,77,398,Ｓ,Ａ,Ａ,Ａ,Ａ,Ｃ,精妙
455,陈登,79,64,81,80,61,365,Ｂ,Ａ,Ａ,Ｃ,Ｓ,Ｃ,诡计
456,陈到,76,71,63,53,69,332,Ａ,Ｃ,Ｂ,Ａ,Ｂ,Ｃ,
457,陈表,66,42,74,78,72,332,Ｃ,Ａ,Ｂ,Ｃ,Ｃ,Ａ,攻心
458,陈武,74,87,43,40,62,306,Ａ,Ｓ,Ｃ,Ｃ,Ｃ,Ｓ,戟将
459,陈兰,66,69,40,24,38,237,Ｂ,Ａ,Ｃ,Ｃ,Ｂ,Ｃ,
460,陈琳,10,9,74,78,72,243,Ｃ,Ｃ,Ｃ,Ｃ,Ｂ,Ｃ,诗想
461,程昱,70,49,90,79,58,346,Ａ,Ｃ,Ｃ,Ｃ,Ａ,Ｃ,掎角
462,程远志,69,74,17,24,35,219,Ａ,Ｃ,Ｃ,Ａ,Ｂ,Ｃ,
463,丁仪,15,5,64,72,51,207,Ｃ,Ｃ,Ｃ,Ｃ,Ｂ,Ｃ,
464,程银,69,73,40,36,50,268,Ｃ,Ｂ,Ｃ,Ａ,Ｃ,Ｃ,
465,丁原,70,76,35,40,74,295,Ｃ,Ｃ,Ｂ,Ａ,Ｃ,Ｃ,
466,程普,84,79,79,74,85,401,Ａ,Ａ,Ａ,Ｂ,Ｂ,Ｓ,名声
467,程武,56,35,75,71,45,282,Ｂ,Ｂ,Ｃ,Ｃ,Ｃ,Ｃ,
468,程秉,16,15,71,72,65,239,Ｃ,Ｃ,Ｃ,Ｃ,Ｂ,Ｂ,
469,丁奉,81,80,71,55,56,343,Ｓ,Ａ,Ｂ,Ａ,Ｂ,Ｓ,枪将
470,丁封,66,66,53,39,61,285,Ａ,Ｃ,Ｃ,Ｂ,Ｃ,Ａ,
471,典韦,56,95,35,29,58,273,Ｂ,Ａ,Ｃ,Ｃ,Ｃ,Ｃ,护卫
472,田楷,68,65,56,61,63,313,Ｃ,Ｃ,Ｂ,Ａ,Ｂ,Ｃ,
473,田续,47,60,55,15,32,209,Ｂ,Ｃ,Ｃ,Ｂ,Ｂ,Ｃ,
474,田畴,66,66,72,76,74,354,Ｃ,Ｃ,Ｂ,Ｂ,Ｃ,Ｃ,风水
475,田S,72,29,93,87,64,345,Ａ,Ｂ,Ｂ,Ｃ,Ａ,Ｃ,深谋
476,典满,51,73,39,26,52,241,Ｃ,Ａ,Ｃ,Ｃ,Ｃ,Ｃ,
477,田予,80,72,80,78,75,385,Ｂ,Ｂ,Ａ,Ａ,Ａ,Ｃ,亲乌
478,滕胤,29,41,71,76,64,281,Ｃ,Ｃ,Ｂ,Ｃ,Ｂ,Ｂ,
479,董允,47,28,78,91,79,323,Ｃ,Ｃ,Ｂ,Ｃ,Ｂ,Ｃ,指导
480,董和,57,34,74,87,76,328,Ｃ,Ｂ,Ａ,Ｃ,Ｃ,Ｃ,亲蛮
481,邓艾,94,87,89,81,70,421,Ｓ,Ａ,Ａ,Ａ,Ｓ,Ｃ,强行
482,h均,33,24,77,59,47,240,Ｂ,Ｃ,Ｃ,Ｃ,Ａ,Ｃ,
483,董厥,65,59,76,78,66,344,Ｃ,Ｃ,Ａ,Ｃ,Ａ,Ｃ,
484,陶谦,51,27,63,63,77,281,Ｃ,Ｂ,Ｂ,Ｃ,Ｃ,Ｃ,
485,邓贤,61,73,45,36,51,266,Ｂ,Ｃ,Ｂ,Ｃ,Ｂ,Ｃ,
486,邓芝,73,52,81,85,88,379,Ｂ,Ｃ,Ａ,Ｂ,Ａ,Ｃ,能吏
487,唐咨,61,71,50,52,61,295,Ａ,Ｃ,Ｂ,Ｃ,Ｃ,Ａ,造船
488,董袭,72,85,50,48,60,315,Ａ,Ａ,Ｂ,Ｃ,Ｂ,Ｓ,推进
489,滕,44,32,31,71,62,240,Ｃ,Ｃ,Ｂ,Ｃ,Ｃ,Ｂ,
490,陶F,65,66,46,44,55,276,Ｃ,Ｃ,Ｂ,Ｃ,Ａ,Ａ,
491,董承,56,53,65,63,75,312,Ｃ,Ｃ,Ｃ,Ｂ,Ｂ,Ｃ,
492,董昭,19,25,80,82,59,265,Ｃ,Ｃ,Ｃ,Ｃ,Ｂ,Ｃ,搬运
493,董卓,74,87,69,19,37,286,Ｃ,Ｃ,Ａ,Ａ,Ｃ,Ｃ,徵税
494,邓忠,72,85,69,55,71,352,Ｓ,Ｂ,Ｂ,Ａ,Ａ,Ｃ,枪将
495,董朝,17,13,56,71,61,218,Ｃ,Ｃ,Ｃ,Ｃ,Ｂ,Ｂ,
496,董荼那,68,73,31,37,49,258,Ｂ,Ａ,Ｃ,Ｃ,Ｃ,Ｃ,
497,唐彬,67,74,59,53,58,311,Ｂ,Ｃ,Ｂ,Ｂ,Ａ,Ａ,
498,董F,49,60,25,12,23,169,Ｃ,Ｃ,Ｃ,Ｂ,Ｃ,Ｃ,
499,邓茂,61,75,29,17,28,210,Ｂ,Ｃ,Ｃ,Ａ,Ｃ,Ｃ,
500,杜畿,66,32,74,87,76,335,Ｃ,Ｃ,Ｂ,Ｃ,Ａ,Ｂ,搬运
501,杜预,85,30,85,80,81,361,Ａ,Ｂ,Ｓ,Ｃ,Ｓ,Ｓ,昂扬
502,甯随,67,69,72,44,52,304,Ｃ,Ｃ,Ｃ,Ａ,Ｃ,Ｃ,屯田
503,裴元绍,49,65,25,27,42,208,Ｂ,Ｂ,Ｃ,Ｃ,Ｃ,Ｃ,
504,裴秀,8,9,70,79,37,203,Ｃ,Ｃ,Ｃ,Ｃ,Ｓ,Ｃ,发明
505,马J,78,88,53,46,77,342,Ａ,Ｃ,Ｂ,Ｓ,Ｃ,Ｂ,骑将
506,马玩,71,74,16,23,37,221,Ｂ,Ｃ,Ｃ,Ａ,Ｃ,Ｃ,
507,马休,68,73,48,45,68,302,Ｂ,Ｂ,Ｃ,Ｓ,Ｃ,Ｃ,长驱
508,马钧,2,7,60,70,41,180,Ｃ,Ｃ,Ｃ,Ｃ,Ｓ,Ｃ,发明
509,波才,71,74,52,25,33,255,Ａ,Ｂ,Ｃ,Ｃ,Ａ,Ｃ,威压
510,马遵,38,52,31,51,48,220,Ｃ,Ｃ,Ｃ,Ｂ,Ｃ,Ｃ,
511,马谡,61,67,87,68,67,350,Ｂ,Ｃ,Ｂ,Ｂ,Ｃ,Ｃ,妙计
512,马岱,81,85,56,54,74,350,Ｂ,Ｂ,Ｂ,Ｓ,Ｂ,Ｃ,沉著
513,马忠,67,77,64,36,38,282,Ｃ,Ａ,Ｂ,Ｃ,Ｃ,Ｂ,戟将
514,马忠,78,72,68,78,79,375,Ｂ,Ａ,Ａ,Ｃ,Ａ,Ｃ,踏破
515,马超,88,97,44,26,82,337,Ａ,Ｂ,Ｃ,Ｓ,Ｂ,Ｃ,骑神
516,马铁,70,62,56,52,62,302,Ｃ,Ｃ,Ｂ,Ｓ,Ｂ,Ｃ,亲羌
517,马腾,82,80,51,59,89,361,Ｂ,Ａ,Ｃ,Ｓ,Ｃ,Ｃ,繁殖
518,马邈,19,12,7,35,12,85,Ｃ,Ｃ,Ｃ,Ｃ,Ｃ,Ｃ,
519,马良,46,23,85,90,86,330,Ｃ,Ｃ,Ｂ,Ｃ,Ｂ,Ｂ,能吏
520,万,21,25,71,65,41,223,Ｃ,Ｃ,Ｃ,Ｃ,Ｂ,Ｃ,
521,樊建,41,24,71,77,73,286,Ｃ,Ｃ,Ｂ,Ｃ,Ｂ,Ｃ,
522,樊氏,23,22,72,69,76,262,Ｃ,Ｃ,Ｂ,Ｂ,Ｃ,Ｂ,内助
523,潘F,61,18,67,82,21,249,Ｃ,Ｂ,Ｃ,Ｃ,Ｃ,Ｃ,
524,潘璋,76,80,70,28,12,266,Ｂ,Ａ,Ａ,Ｂ,Ｃ,Ｓ,戟将
525,樊稠,66,73,31,24,39,233,Ｃ,Ｃ,Ｃ,Ａ,Ｃ,Ｃ,
526,樊能,69,61,36,31,48,245,Ｃ,Ｂ,Ｂ,Ｃ,Ｃ,Ｃ,
527,潘凤,56,77,4,14,25,176,Ｃ,Ｃ,Ｃ,Ｂ,Ｃ,Ｃ,
528,费B,77,30,83,92,83,365,Ｂ,Ｂ,Ａ,Ｃ,Ａ,Ｂ,能吏
529,卑衍,60,66,21,30,46,223,Ｃ,Ｃ,Ｂ,Ｂ,Ｃ,Ｃ,
530,费诗,15,28,64,74,66,247,Ｃ,Ｃ,Ｃ,Ｃ,Ｂ,Ｃ,
531,糜氏,12,6,66,70,79,233,Ｃ,Ｃ,Ｃ,Ｃ,Ｃ,Ｃ,内助
532,糜竺,33,29,77,83,85,307,Ｃ,Ｃ,Ｂ,Ｃ,Ｃ,Ｃ,富豪
533,糜芳,54,61,32,23,23,193,Ｂ,Ｃ,Ｂ,Ｃ,Ｃ,Ｃ,
534,费耀,70,66,73,62,67,338,Ｂ,Ｂ,Ｃ,Ｂ,Ｂ,Ｃ,
535,武安国,67,83,34,33,36,253,Ｂ,Ｃ,Ｃ,Ｂ,Ｃ,Ｃ,
536,冯习,72,71,39,41,62,285,Ａ,Ｂ,Ｃ,Ｂ,Ｃ,Ｃ,
537,傅嘏,44,35,81,82,70,312,Ｃ,Ｃ,Ｂ,Ｃ,Ｂ,Ｃ,
538,傅士仁,46,63,37,24,20,190,Ｃ,Ｂ,Ｂ,Ｃ,Ｃ,Ｃ,
539,傅佥,73,85,72,46,62,338,Ｂ,Ａ,Ｃ,Ａ,Ｂ,Ｃ,猛者
540,傅巽,14,13,69,72,46,214,Ｃ,Ｃ,Ｃ,Ｃ,Ｃ,Ｃ,
541,傅彤,66,72,46,42,63,289,Ｂ,Ａ,Ｃ,Ｂ,Ｃ,Ｃ,连击
542,文鸯,76,91,60,32,63,322,Ｂ,Ｃ,Ａ,Ｓ,Ｃ,Ｃ,突袭
543,文钦,74,83,43,34,22,256,Ａ,Ａ,Ｂ,Ｂ,Ｃ,Ｃ,
544,文虎,66,72,45,30,58,271,Ｂ,Ｃ,Ｃ,Ｂ,Ｂ,Ｃ,
545,文h,78,94,25,25,38,260,Ａ,Ｂ,Ａ,Ｓ,Ｃ,Ｃ,骑将
546,文聘,86,82,66,69,72,375,Ａ,Ｓ,Ｂ,Ｃ,Ｂ,Ａ,不屈
547,卞喜,56,70,59,37,24,246,Ｂ,Ｃ,Ｂ,Ｃ,Ｂ,Ｃ,
548,卞氏,36,24,74,76,87,297,Ｃ,Ｃ,Ｃ,Ｂ,Ｃ,Ｃ,奏乐
549,方悦,68,80,44,46,55,293,Ａ,Ｃ,Ｃ,Ｂ,Ｃ,Ｃ,
550,庞会,69,75,49,42,52,287,Ｂ,Ｃ,Ｃ,Ａ,Ａ,Ｃ,
551,忙牙长,45,79,3,2,9,138,Ａ,Ｃ,Ｃ,Ｂ,Ｃ,Ｃ,
552,逢纪,27,21,84,70,39,241,Ｃ,Ｃ,Ｃ,Ｃ,Ｃ,Ｃ,言毒
553,庞羲,60,38,68,74,57,297,Ｃ,Ｂ,Ｂ,Ｃ,Ｂ,Ｃ,
554,鲍三娘,72,83,56,36,75,322,Ｂ,Ｂ,Ｂ,Ａ,Ｃ,Ａ,连击
555,鲍信,77,67,81,73,78,376,Ｂ,Ａ,Ｂ,Ｃ,Ｂ,Ｃ,辅佐
556,法正,82,47,94,78,55,356,Ｃ,Ｃ,Ａ,Ｃ,Ａ,Ｃ,待伏
557,庞统,78,34,97,85,69,363,Ｂ,Ｂ,Ｃ,Ｃ,Ｂ,Ｂ,连环
558,庞德,80,94,70,44,70,358,Ｂ,Ａ,Ａ,Ｓ,Ｂ,Ｃ,威风
559,鲍隆,58,76,49,23,30,236,Ｂ,Ｃ,Ａ,Ｃ,Ｃ,Ｃ,
560,步协,71,49,69,63,67,319,Ｃ,Ｂ,Ａ,Ｃ,Ｂ,Ａ,
561,穆顺,52,77,11,21,20,181,Ｃ,Ｂ,Ｃ,Ｂ,Ｃ,Ｃ,
562,濮阳兴,37,32,70,72,59,270,Ｃ,Ｃ,Ｃ,Ｃ,Ｂ,Ｂ,
563,木鹿大王,65,71,39,6,32,213,Ｃ,Ａ,Ｃ,Ｃ,Ｃ,Ｃ,远谋
564,步骘,72,51,84,86,70,363,Ｃ,Ｃ,Ａ,Ｃ,Ｓ,Ａ,射程
565,步阐,71,60,71,64,62,328,Ｃ,Ａ,Ｂ,Ｃ,Ｃ,Ａ,
566,满宠,84,64,82,84,80,394,Ｃ,Ｓ,Ａ,Ｃ,Ａ,Ｃ,辅佐
567,毛d,63,39,59,78,61,300,Ｃ,Ｃ,Ｂ,Ｃ,Ｃ,Ｂ,眼力
568,孟获,76,87,42,45,80,330,Ｂ,Ｓ,Ｃ,Ｃ,Ｃ,Ｃ,乱战
569,孟宗,47,28,72,78,79,304,Ｃ,Ｃ,Ｂ,Ｃ,Ａ,Ｂ,
570,孟达,75,73,74,66,72,360,Ｂ,Ｂ,Ａ,Ｃ,Ａ,Ｃ,
571,孟,50,68,22,18,37,195,Ｂ,Ａ,Ｃ,Ｃ,Ｃ,Ｃ,亲蛮
572,俞涉,62,79,24,23,33,221,Ｂ,Ｃ,Ｃ,Ａ,Ｃ,Ｃ,
573,杨,62,68,68,62,53,313,Ｃ,Ａ,Ｂ,Ｃ,Ｃ,Ｃ,
574,雍G,81,75,54,56,68,334,Ａ,Ａ,Ｃ,Ｃ,Ｓ,Ｃ,亲蛮
575,杨仪,68,40,82,79,23,292,Ｃ,Ｂ,Ｂ,Ｃ,Ｂ,Ｃ,
576,杨欣,61,68,61,58,64,312,Ａ,Ｃ,Ｃ,Ｂ,Ａ,Ｃ,
577,羊祜,90,64,84,87,89,414,Ｓ,Ｂ,Ｓ,Ａ,Ｂ,Ａ,精妙
578,杨弘,18,15,76,60,45,214,Ｃ,Ｃ,Ｃ,Ｃ,Ｃ,Ｃ,
579,杨昂,68,72,38,35,42,255,Ｂ,Ｂ,Ｂ,Ｂ,Ｃ,Ｃ,
580,杨济,67,68,71,66,64,336,Ｂ,Ｂ,Ｂ,Ｂ,Ｂ,Ｃ,
581,杨h,52,65,40,22,32,211,Ｂ,Ｃ,Ｃ,Ｂ,Ｃ,Ｃ,
582,杨修,10,4,83,79,43,219,Ｃ,Ｃ,Ｃ,Ｃ,Ｃ,Ｃ,机智
583,杨秋,67,64,58,63,42,294,Ｃ,Ｃ,Ｂ,Ａ,Ｂ,Ｃ,
584,杨松,2,5,28,34,5,74,Ｃ,Ｃ,Ｃ,Ｃ,Ｃ,Ｃ,
585,杨任,70,78,53,40,56,297,Ｃ,Ａ,Ｂ,Ｂ,Ｃ,Ｃ,
586,杨祚,53,61,36,32,41,223,Ｂ,Ｃ,Ｃ,Ｂ,Ｃ,Ｃ,
587,杨肇,70,65,68,62,58,323,Ａ,Ｂ,Ａ,Ｂ,Ｂ,Ｃ,
588,杨柏,44,45,19,26,21,155,Ｂ,Ｃ,Ｃ,Ｃ,Ｃ,Ｃ,
589,杨阜,67,50,83,78,77,355,Ｃ,Ｂ,Ｂ,Ｂ,Ａ,Ｃ,
590,杨奉,66,65,31,14,58,234,Ｂ,Ｃ,Ｃ,Ｂ,Ｃ,Ｃ,
591,杨锋,54,62,52,40,46,254,Ｃ,Ｂ,Ｃ,Ｃ,Ｂ,Ｃ,
592,雷铜,69,78,51,37,53,288,Ｂ,Ａ,Ｃ,Ｂ,Ｂ,Ｃ,
593,雷薄,62,70,36,11,15,194,Ａ,Ｂ,Ｃ,Ｃ,Ｂ,Ｃ,
594,骆统,76,58,75,77,77,363,Ｂ,Ｂ,Ａ,Ｃ,Ａ,Ａ,强袭
595,罗宪,85,71,75,72,73,376,Ｂ,Ａ,Ｓ,Ｃ,Ｓ,Ｃ,铁壁
596,李,59,77,19,18,24,197,Ａ,Ｃ,Ｃ,Ｂ,Ｂ,Ｂ,
597,李恢,79,65,78,77,80,379,Ｂ,Ｂ,Ｓ,Ｃ,Ｓ,Ｃ,C智
598,李,69,72,24,1,17,183,Ｂ,Ｃ,Ｃ,Ａ,Ｂ,Ｃ,
599,陆凯,65,61,78,85,73,362,Ｃ,Ｃ,Ｂ,Ｃ,Ａ,Ａ,
600,陆抗,91,63,87,85,87,413,Ａ,Ａ,Ｓ,Ｃ,Ｓ,Ｓ,精妙
601,陆绩,20,7,71,72,44,214,Ｃ,Ｃ,Ｃ,Ｃ,Ｂ,Ｂ,风水
602,陆逊,96,69,95,87,90,437,Ａ,Ｓ,Ｓ,Ｃ,Ａ,Ｓ,鬼谋
603,李严,83,84,75,74,52,368,Ｂ,Ａ,Ｓ,Ｃ,Ｂ,Ｃ,戟将
604,李儒,61,26,93,75,38,293,Ｃ,Ｃ,Ｃ,Ｂ,Ｂ,Ｃ,徵收
605,李肃,46,69,59,15,36,225,Ｃ,Ｃ,Ｃ,Ｂ,Ｃ,Ｃ,
606,李,12,22,29,69,51,183,Ｃ,Ｃ,Ｃ,Ｃ,Ｂ,Ｃ,
607,李堪,58,69,33,37,45,242,Ｃ,Ｂ,Ｃ,Ａ,Ｃ,Ｃ,
608,李通,73,81,57,63,73,347,Ａ,Ｃ,Ｃ,Ａ,Ｂ,Ｂ,枪将
609,李典,78,77,79,74,65,373,Ａ,Ａ,Ａ,Ｂ,Ｓ,Ｃ,射程
610,李孚,31,36,74,73,69,283,Ｃ,Ｃ,Ｂ,Ｃ,Ｂ,Ｃ,
611,李S,55,48,67,72,67,309,Ｃ,Ｂ,Ａ,Ｃ,Ｂ,Ｃ,搬运
612,李S,25,35,67,71,60,258,Ｃ,Ｃ,Ｃ,Ｃ,Ｂ,Ｃ,
613,李S,69,74,50,22,47,262,Ｃ,Ｂ,Ｃ,Ｂ,Ｂ,Ｃ,
614,刘焉,53,38,80,81,85,337,Ｃ,Ｃ,Ｂ,Ｃ,Ａ,Ｃ,
615,刘和,21,16,59,68,72,236,Ｃ,Ｃ,Ｃ,Ｃ,Ｃ,Ｃ,
616,刘Y,71,73,66,44,62,316,Ｃ,Ａ,Ａ,Ｃ,Ｂ,Ｃ,
617,刘琦,52,12,62,71,73,270,Ｃ,Ｃ,Ｂ,Ｃ,Ｃ,Ａ,
618,刘虞,55,33,69,78,92,327,Ｃ,Ｃ,Ｃ,Ｂ,Ｃ,Ｃ,亲乌
619,刘勋,47,63,35,16,32,193,Ｃ,Ｂ,Ｂ,Ｃ,Ｃ,Ｂ,
620,刘贤,54,66,51,40,52,263,Ｂ,Ｂ,Ｃ,Ｂ,Ｃ,Ｃ,
621,留赞,78,75,64,57,62,336,Ａ,Ａ,Ｃ,Ｂ,Ｂ,Ａ,推进
622,刘氏,3,8,66,49,69,195,Ｃ,Ｃ,Ｃ,Ｃ,Ｃ,Ｃ,
623,刘循,63,46,41,50,57,257,Ｃ,Ｂ,Ｂ,Ｃ,Ｃ,Ｃ,
624,刘璋,16,5,9,38,65,133,Ｃ,Ｃ,Ｃ,Ｃ,Ｃ,Ｃ,
625,刘劭,71,53,74,79,70,347,Ａ,Ｂ,Ａ,Ｂ,Ｂ,Ｃ,诗想
626,刘丞,45,65,33,33,56,232,Ｂ,Ｂ,Ｃ,Ｃ,Ｃ,Ｂ,
627,刘谌,60,62,69,73,82,346,Ｂ,Ａ,Ｂ,Ｃ,Ｃ,Ｃ,怒发
628,刘v,8,21,36,51,55,171,Ｃ,Ｃ,Ｃ,Ｃ,Ｃ,Ｃ,
629,刘禅,3,5,9,4,56,77,Ｃ,Ｃ,Ｃ,Ｃ,Ｃ,Ｃ,强运
630,刘琮,24,22,64,65,70,245,Ｃ,Ｃ,Ｂ,Ｃ,Ｃ,Ｂ,
631,刘岱,53,65,32,54,42,246,Ｂ,Ｂ,Ｃ,Ｂ,Ｃ,Ｃ,
632,刘度,25,23,26,49,53,176,Ｃ,Ｃ,Ｂ,Ｃ,Ｃ,Ｃ,
633,刘巴,14,22,74,81,57,248,Ｃ,Ｃ,Ｃ,Ｃ,Ｃ,Ｃ,
634,刘磐,69,76,47,43,55,290,Ａ,Ｃ,Ｃ,Ｃ,Ｂ,Ｂ,
635,刘备,75,73,74,78,99,399,Ａ,Ｂ,Ａ,Ｂ,Ｃ,Ｃ,遁走
636,刘表,48,31,71,81,83,314,Ｃ,Ｃ,Ｂ,Ｃ,Ｃ,Ｃ,
637,刘馥,64,49,73,87,83,356,Ｂ,Ｂ,Ａ,Ｃ,Ａ,Ｂ,屯田
638,留平,70,71,68,57,63,329,Ｂ,Ｂ,Ｃ,Ｃ,Ａ,Ａ,B城
639,刘辟,70,72,47,34,55,278,Ａ,Ｂ,Ｃ,Ｂ,Ｂ,Ｃ,乱战
640,刘封,75,79,44,50,76,324,Ａ,Ｃ,Ｃ,Ａ,Ａ,Ｂ,枪将
641,刘晔,36,32,92,73,69,302,Ｃ,Ｃ,Ｃ,Ｃ,Ｓ,Ｃ,射程
642,刘繇,62,67,46,70,64,309,Ｂ,Ｃ,Ｃ,Ｂ,Ｃ,Ｂ,
643,留略,71,66,59,46,51,293,Ｃ,Ａ,Ａ,Ｃ,Ｃ,Ａ,B城
644,吕威璜,58,63,29,39,44,233,Ｂ,Ｂ,Ｃ,Ｂ,Ｃ,Ｃ,
645,廖化,73,76,64,49,66,328,Ａ,Ａ,Ｃ,Ｂ,Ｃ,Ｃ,血路
646,梁兴,61,65,19,22,26,193,Ｃ,Ｃ,Ｃ,Ａ,Ｃ,Ｃ,
647,梁纲,60,69,41,22,46,238,Ｂ,Ｂ,Ｂ,Ｃ,Ｃ,Ｃ,
648,梁习,73,40,73,87,80,353,Ｃ,Ｃ,Ｃ,Ａ,Ａ,Ｃ,繁殖
649,梁绪,56,62,66,68,58,310,Ｂ,Ｃ,Ｂ,Ｂ,Ｃ,Ｃ,
650,凌操,75,81,42,35,55,288,Ｂ,Ａ,Ｃ,Ａ,Ｃ,Ｓ,扫荡
651,凌统,77,89,55,40,71,332,Ｂ,Ｓ,Ｃ,Ａ,Ｃ,Ｓ,扫荡
652,廖立,22,15,69,76,27,209,Ｃ,Ｃ,Ｃ,Ｃ,Ｃ,Ｃ,
653,吕凯,53,30,66,77,73,299,Ｃ,Ｂ,Ｃ,Ｃ,Ａ,Ｃ,解毒
654,吕据,70,59,71,62,62,324,Ｃ,Ｃ,Ａ,Ｃ,Ａ,Ａ,操舵
655,吕虔,57,70,58,72,60,317,Ｂ,Ｃ,Ａ,Ｃ,Ｃ,Ｃ,射手
656,吕旷,56,70,13,22,29,190,Ｃ,Ｃ,Ｃ,Ｂ,Ｃ,Ｃ,
657,吕翔,54,71,12,19,28,184,Ｃ,Ｃ,Ｃ,Ｂ,Ｃ,Ｃ,
658,吕岱,82,71,69,75,63,360,Ａ,Ｂ,Ａ,Ｃ,Ａ,Ｓ,操舵
659,吕,73,63,74,75,69,354,Ｂ,Ｃ,Ａ,Ｃ,Ａ,Ａ,造船
660,吕布,87,100,26,13,40,266,Ａ,Ｓ,Ｓ,Ｓ,Ｃ,Ｃ,飞将
661,吕蒙,91,81,89,78,82,421,Ｓ,Ａ,Ｂ,Ｂ,Ｓ,Ｓ,攻城
662,吕玲绮,81,89,37,18,56,281,Ｂ,Ａ,Ａ,Ｓ,Ｃ,Ｃ,疾驰
663,伦直,46,42,72,64,56,280,Ｃ,Ｃ,Ｃ,Ｂ,Ｂ,Ｃ,
664,冷苞,71,82,68,37,23,281,Ｃ,Ａ,Ａ,Ｃ,Ｂ,Ｃ,乱战
665,娄圭,52,13,87,67,15,234,Ｃ,Ｃ,Ｃ,Ｃ,Ｂ,Ｃ,B城
666,楼玄,23,22,67,77,80,269,Ｃ,Ｃ,Ｃ,Ｃ,Ｂ,Ｂ,祈
667,鲁肃,80,56,92,90,89,407,Ａ,Ａ,Ａ,Ｃ,Ａ,Ａ,富豪
668,鲁淑,71,53,74,76,73,347,Ｃ,Ｂ,Ａ,Ｃ,Ａ,Ａ,操舵
669,卢植,86,63,82,85,81,397,Ａ,Ｂ,Ｓ,Ａ,Ｂ,Ｃ,指导
